author,title,classification_number,source_row
"Әуезов, Мұхтар",Абай жолы / 2 кітап,PL76.9.A898,2
"Әуезов, Мұхтар",Роман-эпопея,PL76.9.A898,3
"Мұртаза, Шерхан",Қызыл жебе / 1 кітап,PL76.9,4
"Айдоғду, Шабан",Оқы! Ойлан! Орында!,PL76.9,7
"Cullen, Pauline",The official Cambridge guide to IELTS,PE1128,8
"Мұртаза, Шерхан","Шерхан, Мұртаза",PL76.9,9
"Брегман, Питер.","как помочь сотрудникам, друзьям и любимым расти и развиваться",HD30.3 b,10
"Әуезов, Мұхтар",Төртінші кітап,PL76.9.A898,11
"Әуезов, Мұхтар",Үшінші кітап,PL76.9.A898,12
"Айтматов, Чингиз",Чингиз Айтматов,.А36 2024,13
"Айтматов, Чингиз",Чингиз Айтматов,PG3478.I8,14
"Мұртаза, Шерхан",Шерхан Мұртаза,.М84 2024,15
"Мұртаза, Шерхан",Мұртаза Шерхан,.М84 2024,16
,"Globalization, environmental law, and sustainable development in the global south",HF1365,17
,Экософия немесе киелі табиғат,.Е40 2022,18
"Silver, Elsie",Reckless,.S556 2024,19
"Silver, Elsie",Heartless,.S556 2023,22
"King, Stephen",The Green Mile,PS3561.I483,23
"King, Stephen",Stephen King,PS3561.I483,24
"Galbraith, Robert",Robert Galbraith,PR6068.O93,29
"Adams, Sarah",Sarah Adams,PS3601.D3947,30
"Fry, Stephen",Stephen Fry,.F79 2017,31
"Hoover, Colleen",Verity,.V47 2018,32
"Manson, Mark",The Subtle Art of Not Giving a F*ck,.M259 2022,33
"London, Jack",Martin Eden,PS3523.O46,34
"Lewis, Michael",The fifth risk,.L48 2018,35
"Baddiel, David",The God Desire,PR6052.A3126,36
"Stewart, Kate",Exodus,PS3541.T46,37
"Silvera, Adam",More Happy Than Not,PZ7.1.S54,38
"Liu, Simu",We were Dreamers,PN2308.L58,39
"Maise, Ella",Marriage for One,PS3613.A377,41
"Silva, Danil",Portrait of an unknown woman,PS3619.I5443,42
"Singh, Jaywant",principles and applications for effective branding,.S5238 2024,43
"Zutter, Chad J.",Principles of managerial finance,.Z88 2022,44
"Wilde, Oscar",The picture of Dorian Gray,PR5819,45
"Касес, Ферран",Феррар Касес,.T47 2024,46
,"Volume 2,",TJ213,47
"Sengoku, Masakazu","Masakazu Sengoku, Graduate Institute for Entrepreneurial Studies, Japan.",TK5103.2,48
,state of the art and future trends,TL152.8,49
,Software engineering for automotive systems,TL272.53,50
,Explainable artificial intelligence for smart cities,TD159.4,51
"Kizza, Joseph Migga.",Guide to Computer Network Security,TK5105.59,52
,Research data sharing and valorization,ZA3075,53
"Zito, Richard R.",Richard R. Zito.,.Z58 2020,54
Dijiang Huang,Software-defined networking and security,TK5105.5833,55
,Proceedings of the 13th International Conference on Information Society and Technology (ICIST),T58.5,56
author.,"The no-nonsense guide to leadership, management and teamwork",Z678,57
,vital skills for the Next Generation,TS155,58
"Kaufman, Charlie",Private Communication in a Public World,TK5105.59,59
"Щварц, Ричард",Ричард Шварц; пер. с англ. Е. Петровой.,.Sh33 2023,60
"Мортон, Кэти",Кэти Мортон,.M684 2022,61
"Fedyukin, Igor",the politics of school in early modern Russia,V600,62
"Do, Quang Hung",Quang Hung Do,TA347.N46,63
"Wharmby, Pete",Un-typical,.U58 2023,64
"Клаузевиц, Карл",пер. с нем. А. Рачинского.,U102,65
"Sakanishi, Seiichi.",Sushi secrets,TX724.5.J3,66
"Керре, Наталья",Шизофрения без страха,.S55 2023,67
"Вуртцель, Элизабет",Элизабет Вуртцель; пер. с англ. Ольги Брейнингер.,.W87 2023,70
"Nestor, James",the new science of a lost art,RA782,71
"Koetzle, Hans-Michael",Potographers A-Z,TR139,72
"Hitchcock, Barbara.",The Polaroid book,TR655,73
"Шварц, Ричард",Ричард Шварц; пер. с англ. Н. Вершининой.,.S39 2023,74
,"edited by Michael Felderer, Guilherme Horta Travassos.",QA76.9.A25,75
,Software engineering perspectives in computer game development,.S647 2021,76
,Software engineering in the era of cloud computing,.S64 2020,77
author.,Artificial intelligence for risk management,Q335,78
"Zhang, Nailong",Nailong Zhang.,.Z458 2021,79
"Mariani, Maria Cristina",techniques for big data analytics and complex data sets,QA76.9.B45,80
"Epp, Susanna S.",Susanna S. Epp,QA39.2,81
"Jones, Herbert","predicative modeling, data mining, data analytics, data warehousing, data visualization, regression analysis, database querying, and machine learning for beginners",QA76.9.D343,82
,The Oxford handbook of digital ethics,QA76.9.M65,83
"Søraa, Roger Andre,",Dr. Roger A. Søraa.,.S73 2023,84
"Caffo, Brian",Executive data science,Q180.55.M3,85
"Lindgren, Simon,",Simon Lindgren.,Q334.7,86
,Situating data science,.S58 2022,87
"Ричи, Стюарт",Стюарт Ричи; пер.с англ. А. Якименко.,.R58 2024,88
"Фликер, Феликс",Феликс Фликер; пер.с англ. Д.А. Прокофьева.,QC24.5,89
"Сара, Эллисон",Эллисон Сэрра; Пер. с англ. Людмила Смилевска,.S11 2022,90
,Вторая жизнь Уве,PT9877.12.A25,91
"Pfeilstetter, Richard",The Anthropology of Entrepreneurship,.P44 2022,92
"Schwab, Klaus",the great reset.,.S39 2020,93
"Новара, Даниэле","Что делать, когда вас задевают за живое",.N72 2024,94
"Батлер, Джиллиан","программа самопомощи, основанная на когнитивно-поведенческих техниках",BF575.S75,95
Конфуций,Суждения и беседы,.B13 2015,96
Конфуций,Конфуций; перевод с китайского П. Попова.,.B13 2024,97
Конфуций,Конфуций; перевод с китайского П. Попова.,.B13 2022,98
Конфуций,Луньюй. Изречения,.L3 2023,99
"Выготский, Лев Семенович",Психология искусства,BF455,100
"Фрейд, Зигмунд",Психонализ культуры,.F625 2023,101
"Mann, Sandi",Sandi Mann.,.M33 2016,102
"Brobjer, Thomas H.",Twilight of the Idols and Nietzsche's Late Philosophy,.B7234 2023,103
"Питерсон, Джордан",Карты смысла. Архитектура верования,.P48 2022,104
"Вебер, Шарлотта",Шарлотта Вебер; пер.с англ. В. Башкирова.,.W43 2023,105
"Brackins, Garland P.",Garland P. Brackins.,.C68 2024,106
"Karsdorp, Folgert",Humanities Data Analysis,.K37 2021,107
"Маттар, Ясир",Ясир Маттар.,.M34 2023,108
"Древс, Владимир",Владимир Древс.,.D73 2023,109
"Арролл, Мег",Мег Арролл; пер.с англ. О. Ляшенко.,BF575.A6,110
"Берджис, Люк",Люк Берджис; пер. с англ. Т.О. Новиковой.,BF575.D4,111
"Кокова, Мария",терапевтическая книга,.K59 2023,112
,открыться общению с миром,.O23 2023,113
"Михайлова, Екатерина",Я у себя одна или веретено Василисы,.M69 2023,114
"Аймауытұлы, Жүсіпбек",Психология,BF636.7,115
"Хершфилд, Хэл","что изменить сейчас, чтобы не жалеть потом",.H4845 2023,116
,Global Fintech,HG173,117
"Хакамада, Ирина",Чиллософия,.K43 2024,118
"Кови, Стивен Р.",Стивен Р. Кови; пер. с англ. Ирина Евстигнеева.,.C6924 2023,119
"Литвинова, Татьяна",Татьяна Литвинова.,.L64 2024,120
"Мелия, Марина",Марина Мелия.,.M47 2023,121
"Макгрегор, Шери",Шери Макгрегор; пер. с англ. В.Г. Ягоровского.,.M15 2024,122
"Адлер, Алина",Наш год,BF698.9.16,123
"Шварценеггер, Арнольд",семь правил жизни,.S375 2024,124
"Чалдини, Роберт",Роберт Чалдини.,.Ch16 0022,125
"МакКоннелл, Эндрю",Эндрю МакКоннелл; пер. с англ. В. Тополь,.M15 2024,126
,Senior Leadership Teams and the Agile Organization,.S465 2024,128
"Dickens, Charles",Hard Times,.S35 2000,129
"Hackett, Paul M.W.",Projective Techniques and Sort-Based Research Methods,.H33 2023,130
"Наварро, Томас",Томас Наварро; пер. К. Ю. Демченко.,.N15 2024,131
,постижение смыслов жизненного пути,.L28 2023,132
"Ларссен, Эрик Бертран",Эрик Бертран Ларссен; пер. с англ. П. Шевцова.,.L36713 2012,133
"Hughes, William","William Hughes, Jonathan Lavery, and Katheryn Doran.",.H84 2014,134
"Калашников, Исай",роман,Z35 2023,135
"Керімбай, Санжар",Санжар Керімбай.,.K47 2022,136
"Кюблер-Росс, Элизабет","Элизабет Кюблер-Росс, Дэвид А. Кесслер; пер. с англ. Ю.А. Ким.",.K8 2022,137
"Day, Elizabeth",Failosophy,.D39 2021,138
,People Skills for Behavior Analysts,.P37 2024,139
"Freud, Sigmund",The interpretation of dreams,.F72 2010,140
"Харари, Юваль Ной",Юваль Ной Харари; пер с англ. Л. Сумм.,.H37163 2024,141
"Murray, Douglas",The war on the west,.M83 2022,142
"Қабылқақ, Анар",Оразалы Сәбден ақиқаты,.S23 2018,143
"Larson, Erik",The splendid and the vile,.L326 2020,144
"Феррари, Марко",невероятная история Антониу Салазара,.F467 2024,145
"Азади, Хусеин",Хусеин Азади.,DS254,146
"Park, Jihyun",The hard road out,DS934.6.P38,147
"Фицпатрик, Шейла",Шейла Фицпатрик.,.F57 2023,148
"Coelho, Paulo",The Alchemist,PQ9698.13.O3546,149
"Почекаев, Р.Ю.",Р.Ю. Почекаев.,.P63 2019,150
"Акимбеков, Султан",Султан Акимбеков.,DK906,151
"Акимбеков, Султан",Султан Акимбеков.,DK908.75.R8,152
"Акимбеков, Султан",феномен государства Чингисхана в истории Евразии,DS329.4,153
"Камерон, Сара",Сара Камерон.,DK908.8618,154
"Тынышпаев, Мухамеджан",Мухамеджан Тынышпаев.,.T96 2023,155
Prince Harry,Spare,.H46365 2023,156
YAYA,Девушка которая кормила кошку,.Y99 2024,157
"Адизес, Ицхак",эффективные и неэффективные,HF5549,158
"Адизес, Ицхак",почему им нельзя стать и что из этого следует,HF5549,159
,R for Political Data Science,.R3 2021,160
"Фучик, Юлиус",Репортаж с петлей на шее,.F829 2024,161
"Пеняков, Владимир",Частная армия Попски,.P43 2024,162
"Krugman, Paul R.",theory and policy,.K78 2023,163
"Hasib, Mansur,",powering the modern organization,QA76.9.A25,164
"Favero, Luiz Paulo,","Luiz Paulo Fávero, Patrícia Belfiore.",HF1017,165
,Entrepreneurship and organizational innovation,HD62.5,166
"Dong, Yu Ren,",Teaching English language learners in secondary subject matter classes,PE1128.A2,167
"Hulleman, W.",W. Hulleman,HB171,168
,"[edited by] Carlton Brown, Uzoechi Nwagbara.",HD60,169
,[edited by] Mehdi Khosrow-Pour.,HF5415,170
,"edited by Vincenzo Arceri, Agostino Cortesi, Pietro Ferrara, Martina Olliaro.",TK5101,171
,Handbook of research on gender and marketing,HF5415.332.W66,172
"Яхина, Гузель",роман,.Y34 2024,173
"Han, Fook Kwang,",Lee Kuan Yew,.H362 2011,174
"Бодрийяр, Жан",Жан Бодрийяр; [ пер. с фран. Т. Чугуновой].,DC422,175
"Preston, Paul,",Paul Preston.,DS146.S7,176
Ханзада Хәрри,Қосалқы,.H46365 2024,177
,"edited by Dariusz Król, Ngoc Thanh Nguyen, Kiyoaki Shirai.",Q335,178
,Interdisciplinary approaches to information systems and software engineering,T58.5,179
,Handbook of big data research methods,QA76.9.B45,180
,"edited by Parikshit N Mahalle, Rajendra S. Talware, Ganesh C. Patil, Sachin R. Sakhare, Yogesh H. Dandawate, Pravin R. Futane.",TA347.A78,181
"Cao, Longbing,","The Next Scientific, Technological and Economic Revolution",QA6.9B45,182
"Rios, Jorge D.,",Neural networks modeling and control,QA76.87,183
,"Handbook of research on artificial intelligence, innovation and entrepreneurship",HC79.T4,184
author.,Bridging the gap between requirements engineering and software architecture,TA180,185
"Kumar, Sandeep",Software fault prediction,QA76.758,186
"Nylen, Erik Lee",Neural data science,QA76.73.P98,187
"Мойес, Джоджо",роман,PR6113.O94,188
"Чбоски, Стивен",Хорошо быть тихоней,PS3553.H3469,189
"Christie, Agatha,",[by] Agatha Christie.,PR6005.H66,190
"Gilbert, Elizabeth","one woman's search for everything across Italy, India and Indonesia",G154.5.G55,191
"Дойл, Артур Конан",Приключения Шерлока Холмса,R37163 2022,192
"Саган, Франсуаза","[пер. с фр. С.Васильевой, О. Габе]",T43 2013,193
"Лоэр, Джим",Құлшыныс қуаты!,L573 2020,194
"Isherwood, Shirley",Go to the Dragon-maker,PZ7,195
"Жданов, А.А.",Деловые письма и контракты,Zh42 2002,196
"Степанов, Сергей",Слагаемые карьеры,.S75 2002,197
,Корпоративтік басқару,K66 2024,198
"О'Келли, Юджин",Юджин О'Келли.,O38 2018,199
"Скова, Роберт",Четвертая трансформация,.S36 2018,200
"Иммельман, Реймонд",Реймонд Иммельман.,.I46 2024,201
"Ingrassia, Lawrence",Lawrence Ingrassia.,.I545 2020,202
,Law and performance,.L3554 2018,203
"Petersen, Duane",Transforming project management,.P484 2021,204
"Goleman, Daniel",unleashing the power of emotional intelligence,HD57.7,205
"Cyert, Richard M.","Richard M. Cyert, James G. March.",HD38,206
"Алексеев, Филипп",Филипп Алексеев,PG2112.5,207
"Chaffey, Dave",Digital business and e-commerce management,HF5548.32,208
"Ross, Stephen A.","Stephen A. Ross, Randolph W. Westerfield, Bradford D. Jordan.",.R677 2015,209
,making sense of economics,HA29,210
,the post-COVID era,H69.S8,211
"Quinless, Jacqueline M.",unsettling conversations about social research methods,.Q56 2022,212
"Wessels, Walter J.",Walter J. Wessels.,.W43 2000,216
"Mankiw, N. Gregory",Principles of Economics,.M264 2009,217
"Jacques, Ian",Mathematics for Economics and Business,.J32 2023,218
"Gintis, Herbert",Herbert Gintis.,HB144,219
"Айзексон, Уолтер",Уолтер Айзексон.,.I83 2023,220
"Fudenberg, Drew",Game Theory,HB144,221
"Брэнсон, Ричард",Ричард Брэнсон.,HC252.5B73,222
"Дәулетхан, Әлімғазы",Шығыс Түркістандағы дүрбелеңмен өткен қырық жыл (1912-1952),DK908.6,223
составитель,"Жұмабай Шаяхметов, документы, материалы, фотографии",.Z58 2022,224
,Саяси қуғын-сүргін құрбандарының негізгі санаттары мен кіші санаттарын іргелі зерттеу: тарихи-құқықтық аспектілері,.S39 2024,225
,ХХ ғ. 20-шы жылдардың басындағы Қазақстандағы ашаршылық және оның салдары (жаңа архивтік және жазбаша дереккөздер негізінде)=Голод в Казахстане в начале 20-х годов ХХ века и его последствия (на основе новых архивных и письменных источников),.G65 2023,226
,ХХ ғ. 20-шы жылдардың басындағы Қазақстан мен оған іргелес аумақтардағы ашаршылықты зерттеу мәселелері,.P68 2023,227
,ұжымдық монография,K39 2023,228
,"Сборник воспоминаний и интервью очевидцев и потомков, пострадавших от политических репрессий 20-50-х годов ХХ века",.K56 2023,229
"Kabuldinov, Ziyabek",History of Astana,.K3 2018,230
,трихнама проблемалары,.T38 2022,231
,сборник материалов,.V45 2019,232
,Реконструкция золотоордынского городища Актобе Лаэти,.R4 2023,233
"Тохтабаева, Ш.Ж.",Ш.Ж. Тохтабаева.,.T64 2020,234
,социальная трансформация и повседневность. Коллективная монография,.K78 2022,235
"Козыбаева, Махаббат",монография,.I88 2023,236
,"сост. Гривенная Л. А.,Чинишлов В. В.",.P75 2022,237
"Шілдебай, Сәбит","Шілдебай С.К., Жүнісбаев А.Ә.",.K39 2021,238
,"сост. З.Е. Кабульдинов, В. А. Сирик, О. Б. Қуанбай.",.K39 2023,239
,Составитель: Сирик В. А.,.I9 2019,240
,Қазақстан ХХ ғасырдың 60-80 жылдарында,.K39 2024,241
,"Қазақ даласының әкімшілік басқару Ресей империясының аймақтық саясаты контекстінде атты халықаралық ғылыми-тәжірибелік конференция материалдарының жинағы=Сборник материалов международной научно-практической конференции ""Административное управление казахской степью в контексте региональной политики Российской империи""",K.39 2024,242
,"Х.А. Арғынбаевтың туғанына 100 жыл толуына арналған Халықаралық ғылыми конференция материалдары (Алматы қ., 2024 ж. 27 қыркүйек)",DK908.6,243
,сборник документов,.I9 2019,244
,Под редакцией Кабульдинова З. Е.,.I9 2020,245
"Абдулина, А.Т.",Этносоциология Казахстана и сельское население Жетысу,DK908.6,246
,Қазақстан тарихы. Энциклопедия,.K39 2020,247
,Уездное управление в национальных регионах Российской империи,.U36 2024,248
,"Материалы международной научно-практической конференции ""Социально-демографические и культурные проблемы развития Казахстана в 1-й половине ХХ века"", посвященной 95-летию академика НАН РК, доктора исторических наук, профессора М.-А.Х. Асылбека",.M38 2024,249
"Шашаев, Ә.К.","шығыстанушы, тарихшы-этнограф, библиограф",.S43 2020,250
,ХХ ғасырдың 20-жылдарының басындағы Қазақстандағы ашаршылық және оның салдары=Голод в Казахстане в начале 20-х годов ХХ века и его последствия,.G65 2023,251
,Қазақстанның киелі жерлер географиясы жобасына енгізілетін нысандарды іріктеудің ғылыми негізделген критерийлері. Ұжымдық монография,.K39 2017,252
,"Составители: Муканова Г. К., Байжуманова З. Б., Касымова Д Б., Булгауов Ш. Т., Жуматай С., Сулеймен С.",.G68 2023,253
"Кумеков, Б.Е.",Биобиблиографический словарь кипчаковедов,.K86 2023,254
,Составители: А. И. Кудайбергенова и др.,.N38 2024,255
Абулқасым Абдуллаһ бин Мұхаммад әл-Кашани,Тарих-е олжайту,DK908.6,256
,ХХ ғасырдың 30-жж. басындағы жаппай ашаршылық кезеңіндегі Орта Азия республикалары мен Ресейдегі қазақ босқындары: орналасуы мен бейімделуі=Казахские откочевники в Средней Азии и России в период массового голода начала 30-х гг. ХХ века: пребывание и адаптация,.Z446 2022,257
"Жанымхан, Ошан",тарихи деректанулық талдау,.Z43 2024,258
,Исторический ежегодник (труды ученых ИИиЭ),.I88 2019,259
"Козодой, В. И.",человек-эпоха,.K69 2022,260
,Кеңестік Қазақстандағы әлеуметтік және этникалық қақтығыстар тарихының тағылымы,.K463 2023,261
,сборник документов,.I88 2022,262
,Составитель: Кубик Н. А.,DK907,263
,қызметі мен натижелері (XIX-XX ғғ. басы). Монография,.K39 2022,264
"Құдайбергенова, А. И.",Қазақстанның ХХ ғасырдың 20-40 жылдардағы демографиялық тарихы,.K87 2023,265
"Christie, Agatha",The body in the library,PR6005.H66,266
,Саяси қуғын-сүргін құрбандарының толық ақтау жөніндегі мемлекеттік комиссияның материалдары ХХ ғасырдың 20-50 жылдары,.S29 2024,267
,көне заманнан бүгінге дейін,DK908.6,278
,Цинская империя и казахские ханства,.T745 2020,281
,Алматы облысы бойынша нәубет куәгерлері мен ұрпақтарының естеліктері (сұхбат материалдарының жинағы),DK908.6,282
,Әулие-ата өңіріндегі нәубет куәгерлері мен ұрпақтарының естеліктері (сұхбат материалдарының жинағы),DK908.6,283
"Кабульдинов, З.Е.",Казахи в Средней Азии,.K39 2022,284
"Абдиров, М.Ж.",монография,DK908.6,285
,Вклад Д.А. Кунаева в социально-экономическое развитие Казахстана и сохранение территориальной целостности республики,.V55 2024,286
"Абдиров, М.Ж.",Из истории военно-казачьей колонизации Казахстана (XVI - начало XX вв.),DK908.6,287
,ұжымдық монография,DK908.6,288
"Кабульдинов, Зиябек Ермуханович",Зиябек Ермуханович Кабульдинов.,.K25 2023,289
"Bates,Suzanne",Suzanne Bates.,HD30.3,290
"Gladwell, Malcolm",The Tipping Point,HM1033,291
,"perspectives, connections and enduring questions",JZ1237,293
,"tasks, responsibilities, practices",HD38,294
,Organisational behaviour in the workplace,.M85 2019,295
,International organization and global governance,JZ5566,297
"Thomas, David C.",essential concepts,.T488 2018,298
"Jobber, David,",Principles and practice of marketing,.J5 2020,299
"Smith, Mike,",Mike Smith.,.S65 2011,300
,Understanding business organisations,.U53 2000,301
"Ferrell, O.C.","O.C. Ferrell, Geoffrey A. Hirt, Linda Ferrell.",HF1008,302
"Pinvidic, Brant,",The 3-minute rule,.P57 2019,304
"Tilly, Chris.",Work under capitalism,.T54 2018,306
"Stroustrup, Bjarne.",The C++ programming language,.S77 2013,315
"Shotts, William E.",William E. Shotts.,.S5556 2011,316
"Drucker, Peter Ferdinand",Peter Ferdinand Drucker.,.U5D78 1993,324
"Golensky, Martha.",theory and practice,HD62.6,325
"Creswel, John W.",Research design,H62,328
"Meredith, Jack R.",Project management,HD69.P75,331
"Castrounis, Alex.",Alex Castrounis.,HF5548.2,337
"Смағұлов, Оразақ",Өмірімнің мәні мен сәні,.S52 2023,338
"Kennedy, Elle",The summer girl,.S86 2023,339
"Fowles, John",The Collector,PR6056.O85,340
"Лаура, Агусти.","История кота, изменившего одну жизнь",PQ6600,341
"McDonnel, Patrick",Patrick McDonnel.,.M35 2023,342
"Хайэм, Том.",Том Хайэм.,.H54 2024,343
"Ивасаки, Минэко.",Минэко Ивасаки.,GT3412.7.I93,344
"Aull, Laura",Laura Aull.,PE1404,345
"Meredith, Jack R.,",Project management,.M47 2022,346
"Трейси, Бенгхарт.",Сезон зловещих грез,Se 2021,347
"Lynn, Barnes Jennifer.",Hawthorne legacy,PZ7.B26225,348
"Олсон, Джессика С.",Спой мне о забытом,Si 2023,349
"Холли, Блэк",Блэк Холли.,.W70 2023,350
"Морган, Шеннон.",Шеннон Морган.,.S5288 2023,351
"Hugo, Victor.",Victor Hugo.,PZ7.S639145,352
"Джули, Кагава .",Кагава Джули.,.S68 2023,353
"Уэст, Карли Энн.",Карли Энн Уэст.,.W519437 2018,354
"Chainani, Soman.",The school of good and evil,PZ7.C348745,355
"Bardugo, Leigh.",Ruin and Rising,.Ru 2018,356
"Дотри, Микки.",Микки Дотри.,PZ7.1,357
"Томас, Энджи.",Энджи Томас.,.T448 2023,358
"Palacio, R. J.",White Bird,PZ7,359
"Silvera, Adam.",They both die at the end,.Th 2017,360
"Silvera, Adam.",The first to die at the end,PZ7.1.S54,361
"Манн, Томас.",Томас Манн.,PT2625.A44,362
"Silvera, Adam.",Infinity son,.S54 2020,363
"Albertalli, Becky.",What if it's us,PZ7,365
"James, Joyce.",Ulysses,PN1997.U59,366
"Backman, Fredrik.",Fredrik Backman.,PT9877.12.A32,367
"Orwell, George",George Orwell.,PR6029.R8,368
"Бакман, Фредрик.",Фредрик Бакман.,PT9877.12.A32,369
"Бенкау, Дженнифер.",Одна истинная королева,PT2702.E437,370
"Бойе, Карин.",Карин Бойе.,PT9875.B69,371
"Backman, Fredrik.",Us against you,.V513 2018b,372
"Tartt, Donna.",The secret history,S427 1992,374
"Гофман, Эрнст Теодор Амадей.",Эрнст Теодор Амадей Гофман.,PT2360,376
"Цвейг, Стефан.",Стефан Цвейг.,.U6 2023,378
"Хермансон, Мари.",Чумной остров,PT9876.18.E69,379
"Деблин, Альфред.",история Франца Биберкопфа: роман,PT2607.035,380
"Джордж, Маргарет.",роман,PS3557.E49,381
"Doyle, Arthue Conan.",The case-book of Sherlock Holmes,.S483 2011,382
"Orwell, George.",Shooting an elephant,.S5 1950,383
"Shelley, Mary.",Mary Shelley.,.S545 2017,384
"Дженни, Ли.",Ли Дженни.,PS3562.I313,385
"Mary, Shelley.",Shelley Mary.,PN1995.9.F8,386
"Lovecraft, Howard Phillips.",The Shadow over Innsmouth,Z635 2024,387
"Kesey, Ken.",One Flew over the Cuckoo's Nest,PS3561.E667,389
"Шекспир, Уильям.",Уильям Шекспир.,PR2754,390
"Heywood, Andrew.",Political Ideologies,JA71,391
"Nuttall, Jon,",Jon Nuttall.,.N88 2002,392
"Christie, Agatha.",Hallowe'en Party,PR6005.H66,393
"Friedberg, Stephen H.","Stephen H. Friedberg, Arnold J. Insel, Lawrence E. Spence.",QA184.2,394
"Boyce, William E.","William E. Boyce, Richard C. DiPrima.",QA371,396
"DeGroot, Morris H.",Probability and statistics,QA273,397
"Backman, Fredrik.",Fredrik Backman; translated by Neil Smith.,PT9877.12.A32,400
"Карстен, Дюсс.",Мой внутренний ребенок хочет убивать осознанно,PT2704.U84,401
Миша Коллинз.,стихи,.S66 2022,402
"Азимов, Айзек.",Мен роботпын,PS3551.S5,403
"Оутс, Джойс Кэрол.",роман,PS3565.A8,404
"Хафф, Таня.",Таня Хафф.,PS3558.U324,405
"Шваб, Виктория.",Галлант,PS3619.C4848,406
"Пейдж, Салли.",Хранительница истории,PS3511.A86,407
"Ким, Чухе.",Чухе Ким.,.Z43 2024,408
"Желязны, Роджер.",Рыцарь теней,PS3576.E43,409
"Новик, Наоми.",Последний выпуск,PS3614.O93,410
"Новик, Наоми.",Наоми Новик.,PS3614.O93,411
"Кейв, Бен.","Опасен для общества. Судебный психиатр о заболеваниях, которые провоцируют преступное поведение",.W44 2024,412
"Анастасия, Дебра.",Утопая в звездах,.U78 2024,413
"Уэллс, Марта.",Пучина сирены,.S57 2023,414
"Бэйс, Картер.",У вас один общий друг,PS3602.A99,415
"Брин, К.Ф.",К.Ф. Брин.,.S56 2023,416
"Zevin, Gabrielle.",The storied life of A.J. Fikry,.S86 2014,418
"Orwell, George.",George Orwell.,PR6029.R8,419
"Зевин, Габриэль.","Завтра, завтра завтра",.T66 2022,420
Mariana Zapata.,"Zapata, Mariana.",.W35 2023,421
"Yarros, Rebecca.",Rebecca Yarros.,.Y377 2023,422
"Вильденштейн, Оливия.",Оливия Вильденштейн.,.V46 2024,423
"Уркхарт, Элейна.",Элейна Уркхарт.,PS3621.R6783,424
"Тоулз, Амор.",Джентльмен в Москве,PS3620.O945,425
"Zevin, Gabrielle.",Young Jane Young,.Y68 2017,426
"Стюарт, Кейт.",Стая,PS3619.T4957,427
"Silva, Daniel.",The collector,PS3619.I443,429
"Stewart, Kate.",The finish line,PS3619.T49475,430
"Setterfield, Diane.",The thirteenth tale,.T48 2024,431
"Sager, Riley.",The house across the lake,PS3618.I79,432
"Инг, Селеста.",Селеста Инг.,PS3614.G83,433
"Ньюман, Сандра.",Сандра Ньюман.,PS3614.E66,434
"Новик, Наоми.",Первый урок Шоломанчи,PS3614.O93,435
"Майер, Стефани.",Стефани Майер.,PS3613.E979,436
"Meyer, Stephen.",Stephen Meyer.,PS3613.E979,437
"Маккалистер, Грир.",Скорпика,.S36 2023,438
"Литч, Уилл.",Уилл Литч.,PS3612.E35928,439
"Оуэн, Кинг.",Куратор,PS3611.I5837,440
"Кирби, Гвен Э.",Что увидела Кассандра. Рассказы,.S48 2023,441
"Jio, Sarah.",The Last Camellia,PS3610.I6,442
"Хорнор, Джейкобс Джон.",Живой роскошный ад,.Z23 2021,443
"Квик, Мэтью.",Свет - это мы,.W4 2023,444
"Tyreman, Chris John.",Over 400 Questions for All Parts of the International English Language Testing System,.T97 2012,445
"Kennedy, Raven,",Raven Kennedy.,PS3611.E615,446
author.,Jennifer L. Armentrout.,PS3612.Y5467,449
"Арментраут, Дженрифер.",Шторм и ярость,.S76 2023,450
"Mann, Michael,",Michael Mann + Meg Gardiner.,PS3613.A54925,451
"Huang, Ana.",King of Pride,PS3608.U263,452
"Henry, Emily,",Emily Henry.,PS3608.E5715,453
"Hendricks, Greer,",The wife between us,.W54 2018,454
"Hazelwood, Ali,",Loathe to love you,PS3608.A98845,455
"МакГвайр, Шеннон.",Шеннон МакГвайр.,PS3607.R36395,456
"Эдвардс, Эмили.",Эмили Эдвардс.,.T57 2023,457
"Denton-Hurst, Tembe,",Tembe Denton-Hurst.,PS3604.E5866,458
"Doerr, Anthony,",Anthony Doerr.,PS3604.O34,459
"Дэвис, Барабара.",Последняя из Лунных Дев,PS3604.A95554,460
"Cronin, Marianne,",The one hundred years of Lenni and Margot,PS3603.R66327,461
"Cowley Heller, Miranda,",The paper palace,PS3603.O88945,462
"Black, Holly,",Holly Black.,PS3602.L278,463
"Bardugo, Leigh,",Ninth house,PS3602.A775325,464
"Bardugo, Leigh.",Shadow and bone,PS3602,465
"Asher, Lauren,",The fine print,PS3601.S54246,466
"Воннегут, Курт.",Табакерка из Багомбо,.T7 2022,467
"Воннегут, Курт.",Синяя борода,.S13 2024,468
"Воннегут, Курт.",Сейчас вылетит птичка!,.S5 2024,469
"Воннегут, Курт.",Курт Воннегут.,PS3572.O5,470
"Воннегут, Курт.",Механическое пианино; Матерь Тьма,PS3572.O5,471
"Воннегут, Курт.",Курт Воннегут .,PS3572.O5,472
"Vonnegut, Kurt.",Kurt Vonnegut.,PS3572.O5,473
"Stephenson, Neal,",Termination shock,.T47 2022,474
"Strout, Elizabeth,","Olive, again",PS3569.T736,475
"Пьюзо, Марио.",роман,PS3566.U9,476
"Ференц, Бенджамин.",Напутствие,PS3566.E72,477
"Озеки, Рут.",Тайм-код лица,.Z46 2023,478
"Кинг, С.",С. Кинг.,PS3561.I483,479
"Кинг, Стивен.",Чужак,PS3545.R815,480
"Герберт, Фрэнк.",Фрэнк Герберт.,PS3558.E63,481
"Джонсон, Д.",Сны поездов,.T43 2022,482
"Hobb, Robin,",Royal assassin,.R68 2014,483
"Hannah, Kristin,",The four winds,PS3558.A4763,485
"Гаррисон, Гарри.",Гарри Гаррисон.,PS3558.A667,486
"Golden, Arthur,",Memoirs of a geisha,PS3557.O35926,487
"Gramont, Nina de,",The Christie affair,PS3557.R24,488
"Egan, Jennifer,",The candy house,PS3555.G292,489
"Cunningham, Michael,",The hours,PS3553.U484,490
"Буджолд, Лоис.",Лоис Буджолд.,PS3552.U397,491
"Young, Louisa.",Twelve months and a day,.T94 2023,492
"Азимов, Айзек .",Звезды как пыль,.Z38 2022,493
"Bronte, Emily.",Wuthering Heights,PS3545.H16,494
"Саймак, К.",Клиффорд Саймак.,.V18 2021,495
"Lovecraft, Howard Phillips.",The Call of Cthulchu,PS3523.O833,496
"Wolff, Jonathan.",Readings in moral philosophy,.W65 2018,497
"Керуак, Джек.",На дороге,PS3521.E755,498
"Джебран, Хамиль.",Хамиль Джебран.,PS3513.I25,499
"Fitzgerald, Francis Scott.",The great Gatsby,PS3511.I9,500
"Драйзер, Теодор.",Теодор Драйзер.,PS3507,501
"Драйзер, Теодор.",Теодор Драйзер.,PS3507.R55 v.1,502
"Драйзер, Теодор.",Теодор Драйзер.,PS3507.R55 v.2,503
"Драйзер, Теодор.",Теодор Драйзер.,PS3507.R55,504
"Драйзер, Теодор.",Финансист. Титан. Стоик,PS3507,506
"Брэдбери, Рэй.",Рэй Брэдбери.,PS3503.R167,507
"По, Эдгар Аллан.",Эдгар Аллан По.,PS2604.R8,508
"Poe, Edgar Allan.",The gold-bug,PS2602,509
"Anderson, Sherwood.",Sherwood Anderson.,PS3501.N4,510
"James, Henry.",The portrait of a lady,PS2116,511
"James, Henry.",The beast in the jungle. The figure in the carpet,PS2116,512
"Irving, Washington.",Washington Irving.,PS2067,513
"Сет, Викрам.",Достойный жених. Книга 2,.S83 2023 v.2,514
"Сет, Викрам.",Достойный жених. Книга 1,.S83 2023 v.1,515
"Brooks, Geraldine.",Year of wonders,.Y4 2001,516
"Moriarty, Liane.",The husband's secret,PR9619.4.M67,517
"Roberts, Gregory David.",Shantaram,.S53 2004,518
"Hart, Emilia,",Weyward,.W49 2023,519
"Фрейм, Дженет.",Под крики сов,PR9639.3.F7,520
"Zusak, Markus.",The book thief,PR9619.4.Z87,521
"Tan, Sue Lynn,",Sue Lynn Tan.,PR9450.9.T37,522
"Silver, Elsie.",Powerless,.S556 2023,523
Homer.,The Odyssey,PR9199.4.H8585,524
Emily St. John Mandel.,Sea of Tranquility: A novel,.S43 2022,525
"Mandel, Emily St. John,",The glass hotel,PR9199.4.M3347,526
author.,The long game,PR9155.9.A76,527
"Thomas, Stacey.",The revels,.R48 2023,528
"Stott, Rebecca,",Rebecca Stott.,PR6119.T69,529
"Сэйнт, Дженнифер.",Электра,PR6119.A359,530
"Osman, Richard,",The man who died twice,PR6115.S58,531
"Osman, Richard,",The last devil to die,PR6115.S58,532
"Marrs, John.",The One,PR6113.A7656,533
"Мохамед, Надифа.",Надифа Мохамед.,PR6113.O364,534
"Lyons, Annie.",Энни Лайонс.,PR6112.Y64,535
"Foley, Lucy.",The Guest List,PR6106.O44,536
"Feeney, Alice.",Daisy Darker,PR6106.E34427,537
"Fellowes, Jessica.",Jessica Fellowes.,PR6106.E398,538
"Эванс, Диана.",Обычные люди,PR6105.V345,539
"Carey, M. R.",The Boy on the Bridge,PR6103.A72,540
"Oseman, Alice.",Nick and Charlie,PR6100.S46,541
"Хардинг, Фрэнсис.",Фрэнсис Хардинг.,PR6100,542
"Тойбин, Колм.",Колм Тойбин.,PR6070.O455,543
"Rutherfurd, Edward.",Sarum,.S27 2018,544
"Galbraith, Robert.",The Silkworm,.S56 2014,545
"Galbraith, Robert.",Robert Galbraith.,PR6068.O93,546
"Пратчетт, Терри.",Терри Пратчетт.,PR6066.R34,547
"Майер, Шеннон.",Шеннон Майер.,PR6063,548
"Harris, Joanne.",Joanne Harris.,PR6058.A68838,549
"Гейман, Нил.",Сыновья Ананси,.S51 2023,550
Гейман Нил.,Нил Гейман.,PR6057.A319,551
"Fielding, Helen.",Helen Fielding.,PR6056.I4588,553
"Колган, Дженни.",Книжный магазинчик счастья,PR6053.O4225,554
"Woolf, V.",Virginia Woolf.,.Z474 2024,555
"Woolf, Virginia.",Virginia Woolf.,PR6045.O72,556
"Tolkien, J. R. R.",The Children of Húrin,PR6039.O32,557
"Tolkien, J. R. R.",Tales from the Perilous Realm,.T35 2021,558
"Lawrence, D. H.",Lady Chatterley's Lover,PR6023.A93,559
"Tolkien, J. R. R.",The Battle of Maldon,PR6039.O32,560
"Tolkien, J. R. R.",Unfinished Tales,PR6039.O32,561
"Tolkien, J. R. R.",The Nature of Middle-Earth,PR6039.O32,562
"Бити, Эрин.",Эрин Бити.,PR6123,563
"Vaughan, Sarah.",Sarah Vaughan.,PR6122.A85,564
"Christie, Agatha.",Nemesis,PR6005.H66,565
"Торогуд, Роберт.",Смерть на Темзе,PR6120.H6775,566
"Норт, Клэр.",Пряжа Пенелопы,PR6114.O777,567
"Маррс, Джон.",Когда ты исчез,PR6113.A768,568
"Richau, Amy.",Star Wars the High Republic Character Encyclopedia,PR6113.A546,569
"Фейн, Луиза.",роман,PR6106.E985,570
"Диас, Элоиса.",Элоиса Диас.,.R47 2023,571
"Драйзер, Теодор.",Теодор Драйзер.,PR6103.H6838,572
"Joyce, James.",The Dead,PR6019.09,573
"Голдинг, Уильям.",Уильям Голдинг.,PR6013.O35,574
"Валентайн, Карла.",Рецепт убийства. Криминалистика Агаты Кристи глазами эксперта,.V15 2023,575
"Christie, Agatha.",Marple Twelve New Stories,PR6005.H66,576
"Christie, Agatha.",Dumb Witness,PR6005.H66,577
"Christie, Agatha.",A Pocket Full of Rye,PR6005.H66,578
"Christie, Agatha.",Crooked House,PR6005.H66,579
"Christie, Agatha.",The Mirror Crack'd from Side to Side,PR6005.H66,580
"Christie, Agatha.",At Bertram's Hotel,PR6005.H66,581
"Christie, Agatha.",The Moving Finger,PR6005.H66,582
"Christie, Agatha.",Towards Zero,.T6 2017,583
"Christie, Agatha.",Murder in Mesopotamia,PR6005.H66,584
"Christie, Agatha.",Evil Under the Sun,PR6005.H66,585
"Christie, Agatha.",Death on the Nile,PR6005.H66,586
"Christie, Agatha.",Agatha Christie.,PR6005.H66,587
"Christie, Agatha.",Sinister Spring. Murder and Mystery from the Queen of Crime,.S5 2023,588
"Christie, Agatha.",The Mysterious Affair at Styles,PR6005.H66,589
"Christie, Agatha.",Five Little Pigs,PR6005.H66,590
"Christie, Agatha.",Dead Man's Folly,PR6005.H66,591
"Кристи, Агата.",Убийство в Восточном экспрессе,.U18 2022,592
"Wilde, Oscar.",The picture of Dorian Gray,PR5819,593
"Wells, H. G.",The Time Machine,.T5 2017,594
"Уэллс, Герберт.",Көрінбейтін адам,PR5774,595
"Gerbert, Wells.",Wells Gerbert.,PR5774,596
"Теннисон, Альфред.",Корлевские идиллии,PR5558,598
"Jacobs, W.W.",The Monkey's Paw,PR4821.J2,599
"Hofmann, Matthias,",Matthias Hofmann.,Q183.9,600
"Uilyam, Hezlitt.",On the Pleasure of Hating,PR4771,601
"Hardy, Thomas.",Thomas Hardy.,PR4748,602
"Дойл, Артур Конан.",Қылмыстың күрең қызыл арқауы,.S7 2024,603
"Collins, Wilkie.",Wilkie Collins.,.W6 2011,604
"Collins, Wilkie.",Wilkie Collins.,PR4494,605
Bronte Charlotte.,Jane Eyre,PR4167,606
"Barrie, J. M.",Peter Pan,PR4074,607
"Austen, Jane.",Persuasion,PR4034,608
"Austen, Jane.",Northanger Abbey,PR4034,609
"Умригар, Трити.",Честь,PS3621.M75,610
"Austen, Jane.",Mansfield Park,PR4034,612
"Scott, Emma.",In Harmony,.S36 2024,613
Celeste Ng.,Our Missing Hearts,PS3614.G83,614
"De Beauvoir, Simone.",The Mandarins,PR2603.E362,615
"De Cristofaro, Diletta.",The Contemporary Post-Apocalyptic Novel,PR890.A66,616
"Уайльд, Оскар.",Оскар Уайльд.,.W672 2022,617
,"Sustainable Business Models Innovation, Implementation and Success",.S87 2019,618
"Coelho, Paulo.",The Zahir A Novel of Obsession,.Z3413 2021,619
"Коэльо, Пауло.",Пауло Коэльо.,PQ9698.13.O3546,620
Ariana Godoy,Through My Window,.T47 2023,621
"Васкес, Хуан Габриэль.",Хуан Габриэль Васкес.,PQ8180.32.A797,622
"Борхес, Х. Л.",Х. Л. Борхес.,.V51 2023,623
"Борхес, Хорхе.",Хорхе Борхес.,PQ7797.B635,624
"Борхес, Х.Л.",Х.Л. Борхес.,.Z13 2023,625
"Борхес, Хорхе Луис.",Хорхе Луис Борхес .,PQ7797,626
"Вентурини, Аврора.",Кузины,.V13 2023,627
"Келлен, Элис.",Элис Келлен.,.V63 2022,628
"Карранса, Майте.",Отравленные слова,PQ6653.S71617,629
"Алиага, Сильвия.",Сыщики с Нанкин-роуд,.S98 2023,630
"Миссироли, Марко.",Марко Миссироли.,PQ4913.I8,631
"Ferrante, Elena.",Storia di chi fugge e di chi resta,.T778 2024,632
"Ferrante, Elena.",Storia del nuovo cognome,.S7713 2013,633
"Эко, Умберто.",Умберто Эко.,PQ4865.C6,634
"Дара, Доменико.",Мальинверно,PQ4904.A5845,636
"Каминито, Джулия.",Джулия Каминито.,.V53 2023,637
"Анжело, Алекс.",Кай,PQ4900,638
"Мюссо, Валентен.",Валентен Мюссо.,PQ2713.U883,639
"Шоплен, Антуан.",Итальянская партия,PQ2703.H67,640
"Перрен, Валери.",Поменяй воду цветам,PQ2700,641
"Мэй, Луиза.",Луиза Мэй.,PQ2700.M49,642
"Леви, Марк.",Марк Леви.,PQ2672.E9488,643
"Леви, Марк.",Следующий раз,.S64 2023,644
"Francoise, Sagan.",Sagan Francoise.,PQ2633.U74,645
"de Beauvoir, Simone.",Simone de Beauvoir.,PQ2603.E362,646
"Verne, Jules.",Jules Verne.,PQ2469.V75,647
"de Maupassant, Guy.",Guy de Maupassant.,PQ2357,648
"Флобер, Гюстав.",Гюстав Флобер.,PR2246.M2,649
"Бодлер, Шарль.",Шарль Бодлер.,PQ2191,650
"Перро, Шарль.",Шарль Перро.,PQ1851,651
"Baver, Kristin.",Star Wars 100 Objects,PN1997.S65,652
"Knox, Kelly.",Monsters,PN1995.9.S76,653
"Goethe, J. W.",J. W. Goethe.,PN6065.R8,654
"Chevalier, Tracy.",Tracy Chevalier.,PN1997.2,655
"Dobelli, Rolf.",Stop Reading the News,PN4731,656
,Картина мира,.S45 2023,657
James Hill,Myths and Legends,PN1995.9.S76,658
"Ларссон, Стиг.",Стиг Ларссон.,.S75 2022,659
"Лоу, Митч.",Митч Лоу.,PN1995.9.D57,660
"Bailey, Stephen.",Stephen Bailey.,PN151,661
"Кларк, Рой Питер.",Рой Питер Кларк.,PN145,662
"Юнг, Эмма.",Эмма Юнг.,PN686.G7,663
"Аствацатуров, Андрей Алексеевич.",Андрей Алексеевич Аствацатуров.,PN81,664
"Нурпеисов, А.",Последний долг,PN76.9,665
"Сонен, Ким.",Магазинчик времени,.S48 2024,666
"Акутагава, Рюноске.",Рюноске Акутагава.,PL801.K8,667
"Ынсук, Ким.","Ким Ынсук, Ким Суен.",PL984.3,668
"Боюн, Ма.",Ма Боюн.,.Z66 2023,669
"Ёнсин, Чхэ.",Чхэ Ёнсин.,.Y31 2023,672
"Ли, Сьюзан.",Сьюзан Ли.,PL992.4,673
"Чунхёк, Ким.",Стиратели: исчезнуть без следа,PL984.3,674
"Ирён, Квон.",Кто читает сердце тьмы. Первый профайлер Южной Кореи в погоне за серийными убийцами,PL984.3,675
"Сочжин, Ким.",Обыкновенное зло,PL984.E8,676
Им Сон Сун,Консультант,PL984,677
"Murakami, Haruki.",Haruki Murakami.,PL856.U673,678
"Фэйе, Е.",И завтра буду любить тебя,PL2953.F37,679
"Хигасино, Кэйго.",Летнее уравнение,PL852.I3625,680
"Соқпақпаев, Бердібек.",Бердібек Соқпақпаев.,PL76.9.S677,682
"Соқпақпаев, Бердібек.",Менің атым Қожа,PL76.9.S67,683
"Сеитова, Зауре.",Лучник,PL76.9.S45,684
"Құнанбайұлы, Абай.",Қара сөздер,.Q37 2024,685
"Құнанбайұлы, Абай.",Қара сөздер,.Q37 2019,686
"Нұрпейс, Ә.","Қан мен тер. Үш кітаптағы роман: Ымырт, Сергелдең, Күйреу",PL76.9.N8774,687
"Нұршайықов, Әзілхан.",Махаббат қызық мол жылдар,PL76.9.N877,688
"Нұршайықов, Әзілхан.",Әзілхан Нұршайықов.,PL76.9.N877,689
"Нұрманов, Ақан.",Құланның ажалы,.Q85 2022,690
"Мұратбеков, Сайын.",Сайын Мұратбеков.,.Z88 2024,691
"Мұқанов, Сәбит.",Сәбит Мұқанов.,PL76.9.M736,692
"Мүсірепов, Ғабит.",Өмір жорығы,PL76.9.M87,693
"Момышұлы, Бауыржан.",Ұщқан ұя,.U84 2024,694
"Момышулы, Бауыржан.",За нами Москва. Записки офицера,PL76.9.M66,695
"Момышұлы, Бауыржан.",Москва үшін шайқас,PL76.9.M66,696
"Майлин, Бейімбет.",Шұғаның белгісі,.Sh35 2024,697
"Майлин, Бейімбет.",Күлпаш,PL76.9.M35,698
"Исабеков, Дулат.",Қарғын роман,.Q27 2024,699
"Есенберлин, І.",Көшпенділер,PL76.9.E788,700
"Есенберлин, І.",І. Есенберлин.,PL76.9.E788,701
"Есенберлин, Ильяс.",Праздник любви,PL76.9.E788,702
"Есенберлин, Ильяс.",Радость белых лебедей,.R5 2023,703
"Есенберлин, І.",Махаббат мейрамы,PL76.9.E788,704
"Бөкей, Оралхан.",Оралхан Бөкей.,.S59 2023,707
"Біләлұлы, Жұмабай.",Жұмабай Біләлұлы.,.Z13 2023,708
"Баласағұн, Жүсіп.",Құтты білік,.Q53 2022,709
"Бөкей, Оралхан.",Оралхан Бөкей.,.Q5 2023,710
"Байтұрсынұлы, Ахмет.",Қырық мысал. Маса,.Q68 2024,711
"Байтұрсынұлы, Ахмет.",Қырық мысал,PL76.9.B354,712
"Аймауытов, Ж.",Қартқожа,PL76.9.A373,713
"Әбдік, Төлен.",Төлен Әбдік.,.Q31 2024,714
"Әбдік, Төлен.",Төлен Әбдік.,PL76.9.A30,715
"Торайғыров, Сұлтанмахмұт.",Сұлтанмахмұт Торайғыров.,.T674 2023,716
"Турсунов, Ермек.",Мамлюк,.T86 2023,717
,Тармақтар (өлеңдер). Махаббатымды жеткізетін тармақтар,.T5 2024,718
"Смагулова, С. О.",С. О. Смагулова.,.S51 2024,719
"Сейітов, Сүндет.",Ұмытпас,.S31 2022,721
"Санжар, Нұрлан.",Нұрлан Санжар.,.S18 2023,722
Мұсабай жырау.,Жанқожа батыр толғауы,PL76.9,723
"Мендыбаев, Александр.",Квартиранты,PL76.9,725
,Халық өлеңдері,PL76.9,726
"Естек, Қанат.",Қанат Естек.,PL76.9,727
"Аймауытұлы, Жүсіпбек.",Жүсіпбек Аймауытұлы.,PL76.9,728
"Айтматов, Чингиз.",Чингиз Айтматов.,PL65.K59,729
"Мұратбеков, Сайын.",Сайын Мұратбеков.,PL65.K45,730
"Пелевин, Виктор.",Священная книга оборотня,.S99 2023,731
"Айтматов, Чингиз.",Чингиз Айтматов.,PL44.9.A36,732
Омар Хайям.,Рубаи,.R51 2024,733
"Нево, Эшколь.",Эшколь Нево.,PJ5055.35.E95,734
"Пелевин, Виктор.",Омон Ра,PG3485.E38,735
"Пелевин, Виктор.",Путешествие в Элевсин,PG3485.E38,736
"Залманович, Мириам.",Тест Сегаля,.T47 2024,737
"Пелевин, Виктор.","Жизнь насекомых; Чапаев и Пустота ; Generation ""П""",.Z36 2021,738
"Пелевин, В.",Тайные виды на гору Фудзи,.T5 2024,739
"Пелевин, Виктор.",Виктор Пелевин.,.T68 2024,740
"Пелевин, Виктор.",Виктор Пелевин.,.S48 2024,741
"Singh, Pushpa.",Navigating the Big Data Landscape,QA76.9.Q36,742
"Пелевин, Виктор.",Синий фонарь,.S35 2023,743
"Пелевин, Виктор.",Непобедимое солнце,PG3485.E38,744
"Пелевин, Виктор.",Виктор Пелевин,PG3485.E38,745
"Пелевин, Виктор.",Виктор Пелевин.,PG3485.E38,746
"Пелевин, Виктор.",Чапаев и Пустота,PG3485.E38,749
"Пашкова, Ксения.",Лунара,PG3480,750
"Айтматов, Чингиз.",Чингиз Айтматов.,.R36 2024,751
"Замятин, Евгений.",Мы,PG3476.Z34,752
"Некрасова, Евгения.",Евгения Некрасова.,PG3476.N46,754
"Мирай, Медина.",Пятая сестра,PG3476.F36,755
"Булгаков, М.",Морфий,PG3476.B78,757
"Булгаков, Михаил.",Михаил Булгаков.,PG3476.B78,758
"Зейферт, Елена.",Плавильная лодочка,.Z45 2023,760
"Mills, Stuart",AI for Behavioural Science,Q335,761
"García, Jesús,","sensor fusion, machine vision, and mission management.",TL685.35,762
"Langer, Arthur M.",by Arthur M. Langer.,QA76.758,763
"Dehmer, Matthias,",Frontiers in data science,QA76.9.B45,764
"Malhotra, Ruchika.",Ruchika Malhotra.,QA76.758,765
"Kott, Alexander.",edited by Alexander Kott.,Q334,766
,"edited by Jennifer Hehn, Daniel Mendez, Walter Brenner, and Manfred Broy.",QA76.76D47,767
"Pursell, Brennan C.,","power, profit, and leadership in the age of machines",Q335,768
"Berthold, M.",How to Intelligently Make Use of Real Data,Q335,769
,Sustainable operations management,.S87 2015,771
,"Maria del Pilar Munoz Duenas, Lucia Aiello, Rosario Cabrita, and Mauro Gatti, editors.",HD60,772
author.,with R and Python,QA276.4,773
,Soft computing in materials development and its sustainability in the manufacturing sector,S648 2023,774
,Software Engineering and Formal Methods,QA76.758,775
,"edited by Craig A. Hill, Paul P. Biemer, Trent D. Buskirk, Lilli Japec, Antje Kirchner, Stas Kolenikov, Lars E. Lyberg.",QA76.9.B45,776
"Petrelli, Maurizio",Introduction to python in earth science data analysis,QE48.8,777
,Smart global megacities,TD159.4,778
,"Software engineering, artificial intelligence, networking and parallel/distributed computing",.S648 2021,779
"Chong, Edwin K. P.",with applications to machine learning,QA402.5,780
"Caldarelli, Guido",real cases studies with Python,TK5105.5,781
"Vasques, Xavier.",Machine Learning Theory and Applications,.V37 2024,782
"Gupta, Rajan","Rajan Gupta, Sanjana Das, Saibal Kumar Pal.",JF1525.A8,783
issuing body.,"Discoveryng, Analyzing, Visualising and Presenting Data",HD30.215,784
,techniques and intelligent applications,Q76.9.B45,785
,theory and applications,Q325.5,786
"Kordon, Arthur K.,",how to create value with artificial intelligence,.K673 2020,787
"Sunderland, Alexandra,",Remote Engineering Management,.S863 2022,789
,"edited by Parma Nand, PhD, Rakesh Nitin, PhD, Arun Prakash Agrawal, PhD, Vishal Jain, PhD.",QA76.758,790
"Griffis, F. H.","Leadership, ethics, and project execution",T56.8,791
"Kerzner, Harold,","methods, case studies, and tools for managing innovation projects",K479 2023,792
,Software engineering and formal methods,.S648 2015b,793
"Chew, Sing C.",Sing C. Chew.,TD170,794
,Engineering biostatistics,.V533 2017,795
"Cady, Field,",The data science handbook,QA76.9.D32,796
,research trends and challenges,T59.6,798
,"STAF 2018 Collocated Workshops, Toulouse, France, June 25-29, 2018, Revised Selected Papers",.S648 2018,799
,"technologies, applications, and challenges",Q335,800
"Kay, Adam",This is going to hurt,R489.35,801
"Raschka, Sebastian,","Sebastian Raschka, Vahid Mirjalili.",.R373 2019,802
"Parthasarathy, Harish.",Harish Parthasarathy.,QA276.6,803
"Zhang, Wen'gang,","by Wengang Zhang, Yanmei Zhang, Xin Gu, Chongzhi Wu, Liang Han.",.Z436 2022,804
,"STAF 2016 Collocated Workshops: DataMod, GCM, HOFM, MELO, SEMS, VeryComp, Vienna Austria, July 4-8, 2016, Revised Selected Papers",QA75.5,805
"Chakraverty, Snehashish",solving algebraic equations,QA76.87,806
"Homer, Karen.",the story of the iconic fashion house,TT505.B35,807
"Sommerville, Ian.",Software engineering,.S66 2015,808
"Baxter-Wright, Emma.",the story of the iconic fashion designer,TT505.C45,809
"Baxter-Wright, Emma,",Little book of Schiaparelli,TT505.S3,810
,Software Engineering and Formal Methods,.S64 2018,811
"Klipphahn-Karge, Michael.",Uncertain Intelligences.,Q334.7,812
"Bogacki, Przemyslaw,",Przemyslaw Bogacki.,QA184,813
,"edited by Lazaros Iliadis, Antonios Papaleonidas, Plamen Angelov, Chrisina Jayne.",Q335,814
"Pledger, Keith .",Keith Pledger.,QA43,815
"Igual, Laura","Laura Igual, Santi Segui.",Q180.55.Q36,817
"Мейс, Нэнси Л.","семейное руководство по уходу за людьми, страдающими болезнью Альцгеймера и другими видами деменции",RC522,818
,The cognitive approach in cloud computing and internet of things technologies for surveillance tracking systems,TK7882.E2,819
"Bóna, Miklós,",Walk through combinatorics,QA164,820
"Beaird, Jason",The principles of beautiful web design,TK105.888,821
"de Winter, Joost C.F.","Joost C. F. de Winter, Dimitra Dodou.",.W56 2017,822
"Линди, Сьюзан",Сьюзан Линди ; Пер. с англ.,Q175.35,823
"Stephens, Rod,",Understanding and Implementing Database Design Concepts for the Cloud and Beyond,.S747 2023,824
"Paper, David,",Data Science Fundamentals for Python and MongoDB,QA76.9.B45,825
"Айзексон, Уолтер",Энштейн,QC16.E5,826
"Schäffler, Stefan.",Theory and Applications of Shannon-Wiener Information,QA273.A1-274.9,827
"Walkinshaw, Neil,",Software quality assurance,W34 2017,828
"Эткинс, Питер","Про время, пространство, скорость и другие константы физики.",QC806,829
"Miranda-Saavedra, Diego,",How to think about data science,QA276.12,830
"Hunt, John.",by John Hunt.,QA76.76.C65,831
"Kakutani, Michiko",Michiko Kakutani,Z1003. K35,832
"Peters, Lawrence J.,",Software Project Management,QA76.76.D47,833
"Redman, Barbara K.",Reconstructing research integrity,.R43 2023,835
"Холмс, Боб",Наука о самом малоизвестном человеческом чувстве,QP456.H66,836
"Kim, W. Chan.","W. Chan Kim, Renée Mauborgne.",.K53 2005,837
"Prasad, Aarathi,",Silk,TS1650,838
"Склут, Ребекка",Ребекка Склут ; перевод с англ. - Анна Яковенко.,.S55 2024,839
"Готтлиб, Лори","Психотерапевт. Ее клиенты. И правда, которую мы скрываем от других и самих себя.",RC480.8,840
"Пауш, Рэнди",Рэнди Пауш ; [перевод с англ. Т. О. Новиковой].,QA76.2.P38,841
"Киссинджер, Генри",Жасанды сана және адамзаттың жаңа дәуірі,Q335,842
"Перл, Джуда",Причина и следствие как ключ к мышлению,Q175.32.C38,843
"Монсо, Сусана",Сусана Монсо. [пер. с исп. Д. Лупича],QL751,845
"Верхеен, Гюнтер",Скрам: правила игры,QA76.76.D47,846
,Big Ideas for Curious Minds,BD431,847
"Айзексон, Уолтер",Уолтер Айзексон.,HQ442,848
"Фоер, Джошуа",Эйнштейн гуляет по Луне,.F64 2022,849
,OMAN,TR655.043,850
